FIRST_NAME,MIDDLE_NAME,LAST_NAME,ROLL,STREET_NAME,APT_NO,STUD_CITY,STUD_STATE,STUD_COUNTRY,STUD_ZIP,STUD_PHONE,STUD_EMAIL
Alice,Spencer,Dan,1001,Maple Street,101,Beverly Hills,California,USA,98101,1234567890,alice.johnson@gmail.com
Bob,Joe,Miller,1002,Elm St,102,San Diego,California,USA,89101,5555678901,bob.daniel@gmail.com
Charlie,Dsouza,Williams,1003,Maple St,103,San Francisco,California,USA,10001,5559876543,charlie.williams@gmail.com
Olivia,Head,Brown,1004,Oak St,104,San Francisco,California,USA,78753,5552468100,olivia.brown@gmail.com
Emily,Black,Garcia,1005,Pine St,105,Los Angeles,California,USA,33133,5553332211,emily.garcia@gmail.com
Liam,Pale,Miller,1006,Cedar St,106,Los Angeles,California,USA,85001,5554443322,liam.miller@gmail.com
Ava,Paine,Davis,1007,Birch St,107,New York City,New York,USA,80201,5555554433,ava.davis@gmail.com
Sophia,Hood,Robinson,1008,Willow St,108,New York City,New York,USA,60601,5556665544,sophia.robinson@gmail.com
Isabella,Jose,Clark,1009,Poplar St,109,Buffalo,California,USA,53201,5557776655,isabella.clark@gmail.com
Charlotte,Will,Lewis,1010,Sycamore St,110,Buffalo,California,USA,97201,5558887766,charlotte.lewis@gmail.com
Heaven,Bautista,Cruz,1011,Ash St,111,New York City,New York,USA,55401,5559998877,mia.walker@gmail.com
Aiden,Bale,Jackson,1012,Beech St,112,Albany,New York,USA,36101,5551112233,aiden.jackson@gmail.com
Noah,Roach,Taylor,1013,Chestnut St,113,San Diego,California,USA,40202,5552223344,noah.taylor@gmail.com
Elijah,Rich,Martin,1014,Cypress St,114,Canyon,Texas,USA,37201,5553334455,elijah.martin@gmail.com
William,James,Anderson,1015,Dogwood St,115,Beaumont,Texas,USA,23220,5554445566,william.anderson@gmail.com
James,Cameron,Thomas,1016,Evergreen St,116,Borger,Texas,USA,84101,5555556677,james.thomas@gmail.com
Benjamin,Luke,Hernandez,1017,Hemlock St,117,Dallas,Texas,USA,29601,5556667788,benjamin.hernandez@gmail.com
Lucas,Saint,Moore,1018,Hickory St,118,Dallas,Texas,USA,3801,5557778899,lucas.moore@gmail.com
Mason,Sarge,Young,1019,Locust St,119,Houston,Texas,USA,8601,5558889900,mason.young@gmail.com
Kinsley,Reynolds,Santos,1020,Church St,120,Houston,Texas,USA,91100,7775638110,kinsley.santos@gmail.com
Deborah,Bautista,Cruz,1021,Red St,121,Binghamton,New York,USA,85401,5669118866,deborah.cruz@gmail.com
Natalia,Bale,Lang,1022,Crosscut St,122,Binghamton,New York,USA,36021,8551136233,natalia.lang@gmail.com
Natal,Roach,Wagner,1023,Rock St,123,Bellingham,Washington,USA,40233,8052128321,natal.wagner@gmail.com
Alonso,Kim,Sam,1024,FunkSt,124,Binghamton,New York,USA,39201,5128834458,alonso.sam@gmail.com
William,Warner,Turner,1025,West St,125,Beaumont,Texas,USA,23277,5851145861,william.turner@gmail.com
Smith,Sam,Thomas,1026,Evergreen St,126,Pasco,Washington,USA,84404,5213352672,smith.thomas@gmail.com
Benjamin,Son,Franklin,1027,QuillSt,127,Moses Lake,Washington,USA,24641,5557234771,benjamin.franklin@gmail.com
Lily,Saint,Morgan,1028,Hickory St,128,Pasco,Washington,USA,3291,9757179897,lily.morgan@gmail.com
Matrin,Dan,Guptill,1029,Loc St,129,Beaumont,Texas,USA,8221,5777234900,martin.guptill@gmail.com
Kinsley,Reynolds,Frenky,1030,Church St,130,Pasco,Texas,USA,61102,7151138230,kinsley.frenky@gmail.com
Amy,Whane,Jade,1031,rim Street,131,Neweark,New Jersey,USA,38101,1234567210,amy.jade@gmail.com
Bobby,Khan,Dan,1032,Elf St,132,Jersey City,New Jersey,USA,49101,5551238901,bobby.dan@gmail.com
Charlet,Silva,White,1033,2nd St,133,Neweark,New Jersey,USA,50001,5339873343,charlet.white@gmail.com
Olivia,Son,Perry,1034,100th St,134,Jersey City,New Jersey,USA,68753,5352363100,olivia.perry@gmail.com
Braun,Reach,Mate,1035,Mine St,135,Neweark,New Jersey,USA,73133,5551112211,braun.mate@gmail.com
Johnny,Reborn,Bean,1036,Sun St,136,Jersey City,New Jersey,USA,88001,8554843822,johnny.bean@gmail.com
Rock,Johnson,Walney,1037,90 feet St,137,Paterson,New Jersey,USA,80901,8884444433,rock.walney@gmail.com
Stephen,Curry,Edwards,1038,Mill St,138,Jersey City,New Jersey,USA,60001,5551161544,stephen.edwards@gmail.com
Isabella,Jones,Jade,1039,Bang St,139,Paterson,New Jersey,USA,13201,5557379655,isabella.jade@gmail.com
Vini,Moses,Junior,1040,Narrow St,140,Paterson,New Jersey,USA,92201,5518187262,vini.junior@gmail.com
Matthew,Francis,Slash,1041,Lays St,141,Venice,Florida,USA,55333,5533998877,matthew.slash@gmail.com
Mark,Silva,Eriksen,1042,Sand St,142,Miami,Florida,USA,36103,3351112233,mark.eriksen@gmail.com
Noah,Messi,Kane,1043,Chole St,143,Melbourne,Florida,USA,40232,5442223344,noah.kane@gmail.com
Timothy,Buffon,Hood,1044,PineSt,144,Venice,Florida,USA,37231,1553334455,timothy.hood@gmail.com
Peter,James,Anderson,1045,Meow St,145,Miami,Florida,USA,20220,5588445566,peter.anderson@gmail.com
James,Mole,Broad,1046,France St,146,Melbourne,Florida,USA,84131,5534256677,james.broad@gmail.com
Benjamin,Luke,Buttler,1047,Hill St,147,Venice,Florida,USA,39601,5996667788,benjamin.buttler@gmail.com
Paul,Chan,Adil,1048,Jail St,148,Miami,Florida,USA,33801,5512378899,paul.adil@gmail.com
Saul,Chi,Rashid,1049,Lame St,149,Melbourne,Florida,USA,3601,5123889900,saul.rashid@gmail.com
Hella,Anne,Latham,1050,Church St,150,Miami,Florida,USA,91130,9907563810,halle.latham@gmail.com
Daniel,Sam,Wilson,1051,Walnut St,151,New York City,New York,USA,70815,9551001122,daniel.wilson@gmail.com
Matthew,Wright,King,1052,Sycamore St,152,New York City,New York,USA,82901,5592220933,matthew.king@gmail.com
Jackson,Don,Wright,1053,Ash St,153,New York City,New York,USA,59691,5500331144,jackson.wright@gmail.com
Aiden,Andy,Lopez,1054,Beech St,154,New York City,New York,USA,83791,9954442655,aiden.lopez@gmail.com
Logan,Paul,Lee,1055,Birch St,155,Albany,New York,USA,25101,7755993366,logan.lee@gmail.com
David,Wolverine,Gonzalez,1056,Cedar St,156,Albany,New York,USA,58121,5585664477,david.gonzalez@gmail.com
Gabriel,Jane,Harris,1057,Chestnut St,157,Albany,New York,USA,98501,5557125588,gabriel.harris@gmail.com
Samuel,Jude,Nelson,1058,Cypress St,158,Albany,New York,USA,22601,5558342699,samuel.nelson@gmail.com
Carter,Rim,Baker,1059,Dogwood St,159,Rome,New York,USA,73121,5559991101,carter.baker@gmail.com
John,Dean,Mitchell,1060,Evergreen St,160,Rome,New York,USA,51101,5234118811,john.mitchell@gmail.com
Joseph,Eren,Garcia,1061,Hemlock St,161,Rome,New York,USA,98801,5552741022,joseph.garcia@gmail.com
Cristiano,Whane,Ronaldo,1062,rim Street,162,Neweark,New Jersey,USA,38101,1234567210,cristiano.ronaldo@gmail.com
Virat,Khan,Kolhi,1063,Elf St,163,Jersey City,New Jersey,USA,49101,5551238901,virat.kolhi@gmail.com
Rohit,Silva,Sharma,1064,2nd St,164,Neweark,New Jersey,USA,50001,5339873343,rohit.sharma@gmail.com
Jasprit,Son,Bumrah,1065,100th St,165,Jersey City,New Jersey,USA,68753,5352363100,jasprit.bumrah@gmail.com
Kuldeep,Reach,Yadav,1066,Mine St,166,Neweark,New Jersey,USA,73133,5551112211,kuldeep.yadav@gmail.com
Ravi,Reborn,Ashwin,1067,Sun St,167,Jersey City,New Jersey,USA,88001,8554843822,ravi.ashwin@gmail.com
Mohammad,Johnson,Shami,1068,90 feet St,168,Paterson,New Jersey,USA,80901,8884444433,mohammad.shami@gmail.com
Yuvi,Curry,Chahal,1069,Mill St,169,Jersey City,New Jersey,USA,60001,5551161544,yuvi.chahal@gmail.com
Rinku,Jones,Singh,1070,Bang St,170,Paterson,New Jersey,USA,13201,5557379655,rinku.singh@gmail.com
Yashavi,Moses,Jaiswal,1071,Narrow St,171,Paterson,New Jersey,USA,92201,5518187262,yashavi.jaiswal@gmail.com
Gareth,Whane,Bale,1072,rim Street,172,Neweark,New Jersey,USA,95101,7234567210,gareth.bale@gmail.com
David,Khan,Silva,1073,Elf St,173,Jersey City,New Jersey,USA,88801,7751738901,david.silva@gmail.com
Xavi,Silva,White,1074,2nd St,174,Neweark,New Jersey,USA,59101,5737873343,xavi.white@gmail.com
Sergio,Son,Busquets,1075,100th St,175,Jersey City,New Jersey,USA,68823,5352388100,sergio.busquets@gmail.com
Sergio,Reach,Ramos,1076,Mine St,176,Neweark,New Jersey,USA,81133,5521712211,sergio.ramos@gmail.com
Andreu,Reborn,Iniesta,1077,Sun St,177,Jersey City,New Jersey,USA,87131,8994843822,andreu.ineista@gmail.com
Gerard,Johnson,Pique,1078,90 feet St,178,Paterson,New Jersey,USA,80901,8883454433,gerard.pique@gmail.com
David,Curry,Villa,1079,Mill St,179,Jersey City,New Jersey,USA,60001,6651161544,david.villa@gmail.com
Daniel,Jones,Carvajal,1080,Bang St,180,Paterson,New Jersey,USA,13201,5523179655,daniel.carvajal@gmail.com
Manuel,Moses,Neuer,1081,Narrow St,181,Paterson,New Jersey,USA,92201,9918187262,manuel.neuer@gmail.com
Andrew,Francis,Garfield,1082,Lays St,182,Venice,Florida,USA,77333,8738798877,andrew.garfield@gmail.com
Tom,Silva,Magurie,1083,Sand St,183,Miami,Florida,USA,65103,3351878233,tom.maguire@gmail.com
Tom,Messi,Holland,1084,Chole St,184,Melbourne,Florida,USA,64232,5942223344,tom.holland@gmail.com
Anna,Buffon,Hatheway,1085,PineSt,185,Venice,Florida,USA,64231,7153334455,anna.hatheway@gmail.com
Peter,James,Griffin,1086,Meow St,186,Miami,Florida,USA,71220,5988445566,peter.griffin@gmail.com
Harry,Mole,Potter,1087,France St,187,Melbourne,Florida,USA,89131,5634256677,harry.potter@gmail.com
Jack,Luke,Sparrow,1088,Hill St,188,Venice,Florida,USA,40601,6016667788,jack.sparrow@gmail.com
Davy,Chan,Jones,1089,Jail St,189,Miami,Florida,USA,36801,5632378899,davy.jones@gmail.com
Saul,Chi,Richard,1090,Lame St,190,Melbourne,Florida,USA,31601,8123889270,saul.richard@gmail.com
James,Anne,Cameron,1091,Church St,191,Miami,Florida,USA,18130,7917563818,james.cameron@gmail.com
Jon,Gayle,Snow,1092,Mount Street,192,Beverly Hills,California,USA,38101,9876543210,jon.snow@gmail.com
Arya,Pollard,Stark,1093,reaper St,193,San Diego,California,USA,37101,1357924680,arya.stark@gmail.com
Sansa,Rovman,Stark,1094,molly St,194,San Francisco,California,USA,16601,2309876543,sansa.stark@gmail.com
Rob,Head,Stark,1095,Ohio St,195,San Francisco,California,USA,78113,8882468110,rob.stark@gmail.com
Nemeria,Black,Stark,1096,Phishy St,196,Los Angeles,California,USA,82133,5566242211,nemeria.stark@gmail.com
Captain,Pale,America,1097,Sennegal St,197,Los Angeles,California,USA,91001,5551111112,captain.america@gmail.com
Iron,Paine,Man,1098,Bringth St,198,New York City,New York,USA,86101,9876154433,iron.man@gmail.com
Black,Sewer,Widow,1099,Willow St,199,New York City,New York,USA,71701,9992265544,black.widow@gmail.com
Doctor,Jone,Strange,1100,Poplar St,200,Buffalo,California,USA,89101,9117776655,doctor.strange@gmail.com
Evin,Terry,Lewis,1101,Sycamore St,201,Buffalo,California,USA,90166,9858887766,evin.lewis@gmail.com
Emma,Brown,,1102,123 Main St,202,New York,NY,USA,10001,1234567890,emma.brown@example.com
Christopher,Michael,Johnson,1103,456 Elm St,203,Los Angeles,CA,USA,90001,9876543210,christopher.johnson@example.com
Olivia,Elizabeth,Williams,1104,789 Oak St,204,Chicago,IL,USA,60601,4567890123,olivia.williams@example.com
Michael,David,Jones,1105,234 Pine St,205,Miami,FL,USA,33101,2345678901,michael.jones@example.com
Sophia,Grace,Miller,1106,567 Maple St,206,Houston,TX,USA,77001,3456789012,sophia.miller@example.com
William,James,Davis,1107,890 Cedar St,207,Phoenix,AZ,USA,85001,6789012345,william.davis@example.com
Emily,Natalie,Garcia,1108,901 Birch St,208,Philadelphia,PA,USA,19101,7890123456,emily.garcia@example.com
Ethan,Alexander,Rodriguez,1109,123 Oak Ave,209,San Antonio,TX,USA,78201,8901234567,ethan.rodriguez@example.com
Isabella,Olivia,Martinez,1110,456 Elm Ave,210,San Diego,CA,USA,92101,9012345678,isabella.martinez@example.com
Ava,Sophia,Hernandez,1111,789 Pine Ave,211,Dallas,TX,USA,75201,3456789123,ava.hernandez@example.com
Liam,Matthew,Lopez,1112,234 Maple Ave,212,San Jose,CA,USA,95101,4567891234,liam.lopez@example.com
Mia,Charlotte,Hernandez,1113,567 Cedar Ave,213,Austin,TX,USA,73301,5678912345,mia.hernandez@example.com
Charlotte,Abigail,Gonzalez,1114,678 Birch Ave,214,Jacksonville,FL,USA,32201,6789123456,charlotte.gonzalez@example.com
Harper,Amelia,Young,1115,789 Pine Ave,215,San Francisco,CA,USA,94101,7891234567,harper.young@example.com
Noah,Lucas,Wilson,1116,890 Cedar Ave,216,Indianapolis,IN,USA,46201,8912345678,noah.wilson@example.com
Aiden,Aiden,Wright,1117,901 Birch Ave,217,Columbus,OH,USA,43201,9123456789,aiden.wright@example.com
Evelyn,Ella,King,1118,123 Maple Ave,218,Fort Worth,TX,USA,76101,2345678910,evelyn.king@example.com
Avery,Lily,Wright,1119,456 Cedar Ave,219,Charlotte,NC,USA,28201,3456789123,avery.wright@example.com
Jacob,Michael,Wright,1120,789 Elm Ave,220,Detroit,MI,USA,48201,4567891234,jacob.wright@example.com
Sofia,Avery,Lewis,1121,901 Oak Ave,221,El Paso,TX,USA,79901,5678912345,sofia.lewis@example.com
Sebastian,Daniel,Hill,1122,234 Birch Ave,222,Seattle,WA,USA,98101,6789123456,sebastian.hill@example.com
Benjamin,Alexander,Scott,1123,567 Elm Ave,223,Denver,CO,USA,80201,7891234567,benjamin.scott@example.com
Amelia,Luna,Green,1124,789 Pine Ave,224,Washington,DC,USA,20001,8912345678,amelia.green@example.com
Elijah,James,Adams,1125,123 Oak Ave,225,Memphis,TN,USA,38101,1234567890,elijah.adams@example.com
Gabriel,Oliver,Baker,1126,789 Cedar Ave,226,Boston,MA,USA,2101,2345678910,gabriel.baker@example.com
Aria,Chloe,Nelson,1127,123 Maple Ave,227,Baltimore,MD,USA,21201,3456789123,aria.nelson@example.com
Julian,Ethan,Hill,1128,456 Cedar Ave,228,Nashville,TN,USA,37201,4567891234,julian.hill@example.com
Scarlett,Avery,Ramirez,1129,789 Elm Ave,229,Louisville,KY,USA,40201,5678912345,scarlett.ramirez@example.com
Levi,Jack,Mitchell,1130,901 Pine Ave,230,Milwaukee,WI,USA,53201,6789123456,levi.mitchell@example.com
Mila,Charlotte,Perez,1131,234 Oak Ave,231,Portland,OR,USA,97201,7891234567,mila.perez@example.com
Hazel,Aria,Roberts,1132,567 Cedar Ave,232,Oklahoma City,OK,USA,73101,8912345678,hazel.roberts@example.com
Liam,Oliver,Turner,1133,789 Maple Ave,233,Las Vegas,NV,USA,89101,1234567890,liam.turner@example.com
Mateo,Logan,Phillips,1134,901 Elm Ave,234,Albuquerque,NM,USA,87101,2345678910,mateo.phillips@example.com
Zoe,Layla,Campbell,1135,123 Pine Ave,235,Tucson,AZ,USA,85701,3456789123,zoe.campbell@example.com
Daniel,Jose,Parker,1136,456 Oak Ave,236,Fresno,CA,USA,93701,4567891234,daniel.parker@example.com
Riley,Audrey,Evans,1137,789 Maple Ave,237,Sacramento,CA,USA,95801,5678912345,riley.evans@example.com
Jackson,Ayden,Collins,1138,901 Elm Ave,238,Long Beach,CA,USA,90801,6789123456,jackson.collins@example.com
Isaac,John,Stewart,1139,123 Pine Ave,239,Kansas City,MO,USA,64101,7891234567,isaac.stewart@example.com
Eleanor,Grace,Sanchez,1140,456 Oak Ave,240,Mesa,AZ,USA,85201,8910972346,eleanor.sanchez@example.com
John,Ayden,Smith,1141,123 Main St,241,Cityville,CA,USA,12345,1555123488,john.smith@email.com
Emily,Banjal,Johnson,1142,456 Oak St,242,Townsville,NY,USA,67890,1555745678,emily.johnson@email.com
Michael,conway,Davis,1143,789 Pine St,243,Villagetown,TX,USA,98765,1335559876,michael.davis@email.com
Sarah,David,Miller,1144,101 Elm St,244,Hamletville,FL,USA,45678,1775552345,sarah.miller@email.com
Daniel,Ervin,Brown,1145,202 Maple St,245,Cityburg,IL,USA,54321,1625558765,daniel.brown@email.com
Olivia,Franklin,Taylor,1146,303 Birch St,246,Suburbia,OH,USA,65432,1665554321,olivia.taylor@email.com
Liam,Gammy,Anderson,1147,404 Cedar St,247,Urbanville,WA,USA,87654,199558765,liam.anderson@email.com
Ava,Harsh,Wilson,1148,505 Spruce St,248,Cityscape,PA,USA,23456,1885553456,ava.wilson@email.com
Ethan,Iravin,Martinez,1149,606 Pine St,249,Townsville,CA,USA,76543,1995556543,ethan.martinez@email.com
Mia,khalifa,Garcia,1150,707 Oak St,250,Villageville,TX,USA,87654,1765552345,mia.garcia@email.com
Benjamin,Kiran,Turner,1151,808 Maple St,251,Cityville,FL,USA,34567,1095558765,benjamin.turner@email.com
Sophia,Lenin,Clark,1152,909 Elm St,252,Hamletburg,NY,USA,54321,1425554321,sophia.clark@email.com
Jackson,Melon,White,1153,1010 Birch St,253,Villagetown,IL,USA,12345,1225501234,jackson.white@email.com
Lily,Nanjil,Harris,1154,1111 Spruce St,254,Cityburg,WA,USA,87654,1885558765,lily.harris@email.com
Aiden,Oraol,Scott,1155,1212 Cedar St,255,Suburbia,CA,USA,98765,1985559876,aiden.scott@email.com
Chloe,Pastin,King,1156,1313 Pine St,256,Urbanville,TX,USA,23456,1605553456,chloe.king@email.com
Noah,Quarin,Murphy,1157,1414 Oak St,257,Cityscape,FL,USA,65432,1905556543,noah.murphy@email.com
Grace,Rasinz,Turner,1158,1515 Maple St,258,Townsville,NY,USA,34567,1785552345,grace.turner@email.com
Owen,Sanchin,Mitchell,1159,1616 Elm St,259,Villageville,IL,USA,87654,1675558765,owen.mitchell@email.com
Ava,Tinz,Hall,1160,1717 Birch St,260,Cityville,WA,USA,54321,1785551234,ava.hall@email.com
John,Michael,Smith,1161,Main Street,261,Anytown,CA,USA,12345,5551234567,john.smith@example.com
Emily,Rose,Johnson,1162,Elm Street,262,Smallville,NY,USA,54321,5559876543,emily.johnson@example.com
Michael,David,Brown,1163,Oak Avenue,263,Bigtown,TX,USA,67890,5552365678,michael.brown@example.com
Sarah,Elizabeth,Garcia,1164,Maple Road,264,Midtown,FL,USA,9876,5558765432,sarah.garcia@example.com
Daniel,James,Martinez,1165,Pine Street,265,Downtown,CA,USA,13579,5553456789,daniel.martinez@example.com
Jessica,Anne,Lee,1166,Cedar Avenue,266,Uptown,TX,USA,24680,5556543210,jessica.lee@example.com
Matthew,William,Perez,1167,Walnut Lane,267,Hilltown,NY,USA,98765,5557890123,matthew.perez@example.com
Ashley,Marie,Rodriguez,1168,Birch Street,268,Riverside,FL,USA,56473,5550123456,ashley.rodriguez@example.com
Christopher,Thomas,Gonzalez,1169,Hickory Drive,269,Lakeside,CA,USA,45678,5558901234,christopher.gonzalez@example.com
Amanda,Nicole,Wilson,1170,Sycamore Court,270,Seaside,TX,USA,98765,5553210987,amanda.wilson@example.com
Andrew,Joseph,Moore,1171,Chestnut Avenue,271,Mountaintown,NY,USA,45678,5554567890,andrew.moore@example.com
Samantha,Lynn,Taylor,1172,Poplar Drive,272,Countryside,FL,USA,13579,5556789012,samantha.taylor@example.com
Joshua,Benjamin,Anderson,1173,Willow Street,273,Citycenter,CA,USA,23456,5557890123,joshua.anderson@example.com
Brittany,Marie,Hernandez,1174,Ash Lane,274,Villagetown,TX,USA,56789,5558901234,brittany.hernandez@example.com
Nicholas,Ryan,Martinez,1175,Cedar Court,275,Parkside,NY,USA,43210,5559012345,nicholas.martinez@example.com
Lauren,Ashley,Chavez,1176,Birch Road,276,Hillside,FL,USA,98765,555012345,lauren.chavez@example.com
Justin,Scott,Young,1177,Maple Lane,277,Laketown,CA,USA,67890,555123456,justin.young@example.com
Victoria,Elizabeth,King,1178,Pine Court,278,Rivertown,TX,USA,34567,5552345678,victoria.king@example.com
Zachary,David,Lee,1179,Elm Drive,279,Mountainview,NY,USA,87654,5553456789,zachary.lee@example.com
Rachel,Marie,Lewis,1180,Oak Court,280,Valleytown,FL,USA,65432,5554567890,rachel.lewis@example.com
Alice,Marie,Johnson,1181,Oak Street,281,Springfield,IL,USA,62701,5551234678,alice.johnson@example.com
David,Michael,Smith,1182,Elm Street,282,Springfield,IL,USA,62702,5555678890,david.smith@example.com
Emily,Rose,Williams,1183,Maple Avenue,283,Springfield,IL,USA,62703,5555609012,emily.williams@example.com
James,Edward,Brown,1184,Cedar Street,284,Springfield,IL,USA,62704,5558883456,james.brown@example.com
Olivia,Grace,Jones,1185,Pine Street,285,Springfield,IL,USA,62705,5559807890,olivia.jones@example.com
Ethan,Alexander,Davis,1186,Sycamore Avenue,286,Springfield,IL,USA,62706,5559982345,ethan.davis@example.com
Emma,Elizabeth,Miller,1187,Birch Street,287,Springfield,IL,USA,62707,5557656789,emma.miller@example.com
Benjamin,Andrew,Wilson,1188,Walnut Avenue,288,Springfield,IL,USA,62708,5558900123,benjamin.wilson@example.com
Sophia,Grace,Taylor,1189,Oak Street,289,Springfield,IL,USA,62709,5559994567,sophia.taylor@example.com
William,Joseph,Martinez,1190,Maple Street,290,Springfield,IL,USA,62710,5557768901,william.martinez@example.com
Isabella,Nicole,Anderson,1191,Elm Avenue,291,Springfield,IL,USA,62711,5559942345,isabella.anderson@example.com
Lucas,Daniel,Thompson,1192,Cedar Street,292,Springfield,IL,USA,62712,5556786789,lucas.thompson@example.com
Mia,Lauren,white,1193,Sycamore Avenue,293,Springfield,IL,USA,62713,5550090123,mia.white@example.com
Logan,Matthew,Garcia,1194,Birch Street,294,Springfield,IL,USA,62714,5559874567,logan.garcia@example.com
Amelia,Lily,Rodriguez,1195,Walnut Avenue,295,Springfield,IL,USA,62715,5556538901,amelia.rodriguez@example.com
Jackson,Christopher,Hernandez,1196,Oak Street,296,Springfield,IL,USA,62716,5559872345,jackson.hernandez@example.com
Charlotte,Madison,Young,1197,Maple Avenue,297,Springfield,IL,USA,62717,5559986788,charlotte.young@example.com
Noah,Gabriel,Lee,1198,Elm Street,298,Springfield,IL,USA,62718,5557650123,noah.lee@example.com
Ava,Harper,Moore,1199,Cedar Avenue,299,Springfield,IL,USA,62719,5550984567,ava.moore@example.com
Elijah,owen,Clark,1200,Pine Street,300,Springfield,IL,USA,62720,5559878901,elijah.clark@example.com
Justine,Scottwen,Younger,1201,Maple Lane,301,Laketown,CA,USA,67890,5551234567,justine.younger@example.com
